"Observation","Df","SumsOfSqs","MeanSqs","F.Model","R2","Pr(>F)"
"all_stage$Ambiente",1,0.11311255983875,"0.11311255983875","1.32501090000485",0.142092155624629,"0.324"
"Residuals",8,0.682938139381862,"0.0853672674227328","-",0.857907844375371,"-"
"Total",9,0.796050699220613,"-","-",1,"-"
