"Observation","Df","SumsOfSqs","MeanSqs","F.Model","R2","Pr(>F)"
"adult_stage$Ambiente",1,0.109792394153866,"0.109792394153866","1.18014854850904",0.128554406529806,"0.4518"
"Residuals",8,0.744261520586196,"0.0930326900732745","-",0.871445593470194,"-"
"Total",9,0.854053914740062,"-","-",1,"-"
