"Observation","Df","SumsOfSqs","MeanSqs","F.Model","R2","Pr(>F)"
"nymph_stage$Ambiente",1,0.129710217487524,"0.129710217487524","1.34058736383008",0.143522811961621,"0.3398"
"Residuals",8,0.774050067826625,"0.0967562584783281","-",0.856477188038379,"-"
"Total",9,0.903760285314148,"-","-",1,"-"
